Date,IKNA,WST,TRV,LINC,FI,CMCL,RDY,BFLY,AWK,FUNC,INMB,SLF,BCE,EVA,TDY,SHIP,RCMT,PH,HGBL,BBVA,Cluster
2021-03-28 00:00:00-04:00,0.47773409355395163,0.3167625488081143,0.10689518265896414,0.31962618105213103,0.7903733718681258,0.4694429292678739,0.5610804919686581,0.9231843721720832,0.4404182756465991,0.28271306731417933,0.27533368818376813,0.5542837955169402,0.22980127330895161,0.511012784300188,0.5924589054189613,0.469655616294936,0.004643967533073945,0.33469988880878176,0.6608996457009149,0.14253152278922465,9
2021-04-04 00:00:00-04:00,0.5412573593195323,0.38506225599729094,0.18253403695677362,0.32149529361716467,0.8083669714820916,0.548685055631638,0.6031582420776587,0.8265828873587188,0.5607272865008608,0.26965477813931193,0.3667820017005856,0.6061070407311373,0.2425823524419508,0.5073044956074076,0.6561706291440648,0.41962326327803867,0.0015479953288413117,0.33478317115709477,0.712802793143791,0.13789044565389863,9
2021-04-11 00:00:00-04:00,0.6378520144152837,0.4246126473557519,0.21578007337048444,0.32897192213418425,0.8292846575893003,0.5364199932516749,0.7205122119242102,0.7864292788571647,0.549894131620881,0.3270023327749041,0.28423133262712097,0.6556019804058382,0.2495049149177051,0.5158118396776248,0.7511699120074375,0.4496425148964045,0.007352943211777568,0.3223360406948319,0.6505190327118953,0.13634353486009332,9
2021-04-18 00:00:00-04:00,0.731827094162161,0.4640907068381186,0.268023885623732,0.43551401219437524,0.6410256542257429,0.5966296333622381,0.8351639311546128,0.6613128531247562,0.45595598193706,0.3564952236107841,0.22194758581571894,0.737705412512673,0.36240228024002397,0.5427517469766922,0.7012300678352079,0.6597791069880802,0.006578950160719382,0.3314325154047477,0.7093425063163392,0.23689661493892822,9
2021-04-25 00:00:00-04:00,0.5523903047357922,0.4616823097979097,0.2627464246007323,0.49345792776549735,0.5681512068463439,0.5431101801567297,0.8729954397807,0.5303770936010929,0.4654440339668704,0.394180622251749,0.17696489549912403,0.7214010416549814,0.3730529037150827,0.5339361427564635,0.6333734372185131,0.4896686032707728,0.005417960584132131,0.3422078986013535,0.6401384197228759,0.27557084998817927,9
2021-05-02 00:00:00-04:00,0.577930602300291,0.46318249956307067,0.23759213380786637,0.5570093592886054,0.5638776475724163,0.6100097669329436,0.8861203523742118,0.5455074613544127,0.4982166263611183,0.43678155989137046,0.3826000781701786,0.7074257241865327,0.4060700019692294,0.5379250038418883,0.5023398240148751,0.5597140576862015,0.01818885515331689,0.2752987538746017,0.6574394413712414,0.28330566252263856,9
2021-05-09 00:00:00-04:00,0.5415848062381416,0.5186883092848018,0.24849816402655778,0.5719626163226443,0.5859198371297558,0.5754450825336463,0.8486751842353584,0.6380354069641176,0.4967855008180715,0.37451863783515194,0.3638161359333302,0.725873432413453,0.4161880115298029,0.530501317437544,0.5907875588322358,0.5196881981572227,0.017414862102258705,0.28503032279800555,0.6089964982580387,0.2863997426756818,9
2021-05-16 00:00:00-04:00,0.4656188698359776,0.4631035039462974,0.25377562504955753,0.5364485863025805,0.5454341092973425,0.5330751400385512,0.8834177970731358,0.7259078633416949,0.516964097162746,0.42940833718240046,0.3544241176733195,0.7346818559935548,0.4603881107714014,0.523410071201047,0.6087712644271464,0.5296946916451409,0.009674922364952071,0.2887473943598884,0.5640138419722875,0.30341636472688294,9
2021-05-23 00:00:00-04:00,0.42861821116366655,0.5100820276187819,0.1719406099527614,0.5682243020641344,0.47345919603752007,0.4884754155210753,0.9525179010011644,0.7753724503075043,0.5732067377445329,0.44169692731199683,0.5778546363726661,0.6606905993542074,0.46944160170928173,0.5327173669638446,0.62160709196099,0.6597791069880802,0.017801858627787798,0.2592606689097643,0.6262976024041833,0.30805718329677656,9
2021-05-30 00:00:00-04:00,0.386705973620444,0.5375586901387845,0.0,0.5457944165130761,0.41407999126892525,0.28443168185960666,0.8536933449804225,0.7660614718432489,0.5328490887013757,0.4138426066683458,0.5565990607604607,0.5021392241956315,0.4154213595437062,0.5264016585527902,0.6134509124568974,0.6897987018745299,0.01818885515331689,0.1715939293268378,0.501730081540392,0.27711784697046216,9
2021-06-06 00:00:00-04:00,0.4227242915369273,0.568232857754277,0.12311803452440095,0.6037383320841982,0.4462437414853566,0.31007639733146863,0.868748741270396,0.7905028180608242,0.49979081882308884,0.38107291860406867,0.6356895373915985,0.606078622440827,0.4348687412841503,0.5628553037785378,0.6455408893351069,0.7398311693141219,0.03366872540120522,0.25825836319551443,0.5882352722799997,0.3266208023302607,9
2021-06-13 00:00:00-04:00,0.38637852670183476,0.5906563451381499,0.11444985542101316,0.5813084465331397,0.45254150993031095,0.263246650552208,1.0000000000000002,0.6962290778635236,0.5234041621064565,0.3245446490645909,0.570439924812941,0.5972699495774774,0.4532352926575167,0.5880071993138453,0.6111779055815667,0.5797270446620383,0.025154801839565366,0.285531343039926,0.48788926422169926,0.2910406474340528,9
2021-06-20 00:00:00-04:00,0.3834315668884651,0.6219229798794408,0.20572685666629198,0.44112152814636096,0.4959513242559672,0.281710009658825,0.9039694047583866,0.5641294182829236,0.6869803057091346,0.25286089208222307,0.7375185696601559,0.5408955400983322,0.4402705290986155,0.5734922199031436,0.6936755486197206,0.5296946916451409,0.025154801839565366,0.2509910499987831,0.2802767981968625,0.23999060890349388,0
2021-06-27 00:00:00-04:00,0.3091028026252336,0.6518658322451747,0.05501417267676789,0.41869155346686027,0.5092217691375369,0.24790880608343824,0.9252985683769344,0.5722765521880518,0.6720967826029716,0.29005017284770807,0.7345526096097276,0.5479432760954066,0.43216737457273346,0.5945444565536973,0.7658778435793416,0.5497075641982833,0.031346746248030716,0.2788906366836066,0.3183390870721567,0.2894935642632924,0
2021-07-04 00:00:00-04:00,0.27668630713228165,0.7729601759712175,0.07358725309052216,0.4205607551603363,0.5838956279587286,0.36621253811848575,0.5192685794583249,0.5792597860362434,0.7127405654839767,0.3156691749087033,0.4458724783317234,0.6184101661697206,0.4645797562741709,0.5870099255801635,0.8134108425753506,0.5296946916451409,0.03289473235014703,0.30123537030508185,0.3321799043908494,0.30805718329677656,0
2021-07-11 00:00:00-04:00,0.2917485218906821,0.8352056930154002,0.14257615852862005,0.47476635647294874,0.4889788194206708,0.27945656405521224,0.5898489951034087,0.5618016736668597,0.8177838569175653,0.3569903978070956,0.4760256983872817,0.6213462242686716,0.5099564287303249,0.6075081732340722,0.8495788071947064,0.5096817046693042,0.04760061877370217,0.2448513638843839,0.3321799043908494,0.36993611451483777,0
2021-07-18 00:00:00-04:00,0.30517353328309316,0.8620234933206601,0.20431130032098865,0.43177569793586557,0.5053981485247183,0.31663757567691353,0.5254734879934337,0.5780959414771162,0.8475518158375084,0.35616407801172634,0.5130993504690801,0.6918141114759786,0.529943752850123,0.6079745622821553,0.8306592536025654,0.6797922083866114,0.035990723007829656,0.22175496728482358,0.24221450932156835,0.38540573958375635,0
2021-07-25 00:00:00-04:00,0.3408644355080241,0.9221758688381982,0.2844438258298103,0.2598130637875329,0.6059378175160677,0.2580491911799947,0.4719566469911298,0.5460894113828809,0.9219365738941212,0.361123026252125,0.510627811376896,0.6078400578735992,0.5110367862932179,0.5912186517794109,0.7979676164357508,0.5797270446620383,0.045278639620527666,0.20024531160495074,0.24567471365124155,0.3312618794655867,0
2021-08-01 00:00:00-04:00,0.3873608362306057,0.9121040488585468,0.3065553692739562,0.3084112382766018,0.6475483920012506,0.2828366123409298,0.5053077637680266,0.6682961424707572,0.8675118187079738,0.3644283054336017,0.6836381877586217,0.6463505804934364,0.5504717285555523,0.5898692477666461,0.8543255783967023,0.7698506497778771,0.06308049824831549,0.27424220854178505,0.35294113036888836,0.3374496950177631,0
2021-08-08 00:00:00-04:00,0.38441387641723607,0.9597759650383817,0.22061458476538487,0.26728969230455224,0.48425549308695537,0.2884702263499621,0.6511217432609027,0.6962290778635236,0.931844015073823,0.36856076230060064,0.7513593394294634,0.6167429598048213,0.6050319131004822,0.5859333301632138,0.6800375073677372,0.7598441562899586,0.10410216686129828,0.18841404615154977,0.38062284750405234,0.318886075984279,0
2021-08-15 00:00:00-04:00,0.3768827846515643,0.9186605638917942,0.21936930590107018,0.3140186651001451,0.43792176386937687,0.34029827403604207,0.6666338622562102,0.684008404754736,0.8349151507068524,0.41979893800062174,0.6000988653350143,0.5687796164079231,0.5453533868500391,0.5707518334717028,0.615389731623603,0.9999999999999999,0.14551084122653513,0.20341746729228327,0.38062284750405234,0.35137249548135363,0
2021-08-22 00:00:00-04:00,0.37098886502482503,0.9521927493049267,0.22239379904747292,0.3009346097595822,0.463112837649192,0.30987747910547814,0.6092391438475435,0.6199953445662657,0.8169653863622548,0.40905523645854713,0.6890755926180615,0.5622660944120423,0.5672494214649793,0.6011147800848644,0.6845166019679532,0.9299545455845714,0.16834364545947605,0.20429723655774157,0.3252594957315031,0.34673159072298254,0
2021-08-29 00:00:00-04:00,0.37721020034311664,0.8045570899323298,0.15053071241017646,0.38317752344679645,0.4640125433700888,0.3222711896859458,0.665858439117401,0.5972998484340953,0.6956238750165573,0.4148403329162844,0.7009391499702561,0.6102296870921884,0.5075834245254405,0.6071873319916085,0.7078487390534649,0.9399611534951843,0.11609906837942485,0.22043199800652813,0.290657411185882,0.3359028704124353,0
2021-09-05 00:00:00-04:00,0.3752455812855748,0.7548316511931581,0.23786908428364528,0.4149532392083506,0.42150243476532934,0.3391717914736392,0.5879096755440683,0.5775139914486479,0.7313803367868292,0.40409680295224026,0.5477014634586943,0.8162956958006493,0.5426163234226484,0.6219189493957638,0.6119134041710623,0.8899288004782869,0.1102941112697636,0.21733079145350698,0.3079584740831373,0.39210646276541417,0
2021-09-12 00:00:00-04:00,0.34872297419230514,0.7456290253158537,0.20780755050852218,0.3850467251402725,0.46446248203119644,0.392845598495813,0.6534486220471842,0.5734404522449884,0.7398527734161133,0.40313596598088064,0.6139397293874946,0.8713648581914852,0.5809340293956549,0.7089593433476521,0.6571066811630955,0.7698506497778771,0.10216717500692787,0.24666660080111513,0.2941176155155553,0.37485695944806274,0
2021-09-19 00:00:00-04:00,0.29666013198865043,0.8103230430032389,0.32751975019124124,0.4299064962423895,0.4730094289777318,0.40764867005268113,0.4715689354217252,0.5571461844347321,0.8028928039735641,0.4322961670154275,0.680177901033122,0.9406461571366926,0.5645121216354956,0.7310005754665936,0.7692205367527927,0.6697857148986931,0.09713622940177477,0.2521146986249858,0.26297577654849663,0.35917556928997685,0
2021-09-26 00:00:00-04:00,0.3041912237543222,0.8446451845841023,0.301015218870738,0.4691588405209628,0.210076395191662,0.34502029962898617,0.47622238830936126,0.5548184398186683,0.7794857326115796,0.458123979539663,0.6025704044271986,0.9365013245665401,0.5858604126020284,0.7416838872927334,0.7896778026525686,0.6197531330364067,0.10139318195586972,0.24096706454985384,0.2871972068562089,0.41562841871982703,0
2021-10-03 00:00:00-04:00,0.3984937816468656,0.741560993369881,0.2782473798089127,0.44859815666338054,0.2521367367366336,0.392845598495813,0.552231984665817,0.5612197791362007,0.7145789868009933,0.5714330814796613,0.39891252845642944,0.9258424714340094,0.5513747845490431,0.7549535723999595,0.7704907764804481,0.5997400316378753,0.12383901734345648,0.36317117963942835,0.2871972068562089,0.4093559660827656,0
2021-10-10 00:00:00-04:00,0.5075310761521432,0.8032244629555083,0.23946974964931966,0.49719624202400703,0.26248309512496126,0.5454312531523913,0.6166071870908654,0.4547253658301125,0.7388668210131306,0.5714330814796613,0.41127041248369556,0.890313875030817,0.5563011677554166,0.745217069628111,0.757186718915289,0.5497075641982833,0.11106810432082179,0.40213379189902776,0.1833909944682352,0.4124921924012964,0
2021-10-17 00:00:00-04:00,0.458087746843249,0.9187608834787393,0.15248761994294435,0.4598130994389098,0.24538902963057208,0.47483185944457373,0.5111248083912667,0.41980914109134526,0.7769125816630882,0.532274857024027,0.3544241176733195,0.8701805134786205,0.5688912339976469,0.7853043588494126,0.7562508709180591,0.4496425148964045,0.1397058841168739,0.38426707588182274,0.1972318117869279,0.28076870468802406,0
2021-10-24 00:00:00-04:00,0.4518664115249574,0.8809468206233082,0.17258720802546001,0.4598130994389098,0.20467833246760492,0.3917068637238381,0.5363320017586417,0.3918761779496742,0.7326699926492815,0.5256097368473429,0.3524468581146204,0.7824263286984099,0.5365951621257374,0.7855321280696458,0.6364486578119846,0.4296296423432624,0.15518576359148717,0.29972554620389946,0.1903114031275815,0.18981676243499346,0
2021-10-31 00:00:00-04:00,0.34512115176877384,0.8621779709454851,0.092541960421467,0.48411218668344413,0.255285620959111,0.2766982553454169,0.44054469743111,0.32669927320207665,0.7516928729742598,0.4439603846916709,0.24814633389546537,0.7465624463262004,0.5760076461892814,0.7788128893029094,0.5663190203199591,0.39961016187950726,0.140092871415678,0.2819004713608513,0.13840829693359474,0.16629463410362566,0
2021-11-07 00:00:00-04:00,0.41388344332387544,0.8520628972308826,0.19888381257269616,0.592523389308669,0.3157895007791556,0.26075656913627565,0.43744224316355607,0.36743483173209895,0.8166876950698616,0.5214436506863465,0.29016311130321837,0.8224739318275134,0.5984507152463512,0.7984010422429545,0.6970851609436166,0.5296946916451409,0.18614550408726382,0.33878019341529697,0.14878890992261423,0.2290201947359698,0
2021-11-14 00:00:00-05:00,0.38768828314921494,0.9241346451209758,0.2693721295979912,0.5140187007515222,0.3261358591674832,0.17535410387159,0.43783010707542425,0.377909710253291,0.9171348191224569,0.4822854262307119,0.22738508495833132,0.7680808256061757,0.5966784087586032,0.7911124271954959,0.5767482066993819,0.41962326327803867,0.1253870034455728,0.27017145222998096,0.13494809260392165,0.18824856308725058,0
2021-11-21 00:00:00-05:00,0.4381139532139371,0.9637663341157172,0.20604003032479357,0.5308411594790372,0.3686459677722427,0.2004055481368292,0.5285759422609877,0.38431099407301433,0.9022912269745262,0.4414608359418912,0.23035095072558687,0.8290492760689827,0.6144312602997437,0.7979455038024884,0.6526943016915241,0.4296296423432624,0.1443498424232229,0.309184590882426,0.14878890992261423,0.23529281974998628,0
2021-11-28 00:00:00-05:00,0.3628028794219347,1.0,0.2378844862668501,0.5196261275750655,0.32928474338996017,0.2618953039082508,0.6301807482391497,0.343575435542992,1.0,0.4481261276966062,0.19772614443625802,0.8918108209371005,0.6554846112875854,0.7906569822947506,0.7072470787648597,0.4296296423432624,0.14589782852533922,0.3353750328139744,0.27681659386718954,0.24313338554631303,0
2021-12-05 00:00:00-05:00,0.3375900600031021,0.6896637809640556,0.4133892292220116,0.5046728705410266,0.44264509020309184,0.2220409082058452,0.5607634673022803,0.30749536624509743,0.7786419344199045,0.5181110905980046,0.13791398385862658,0.9157198265686586,0.6615870949043292,0.8290359555944438,0.607768497279471,0.4496425148964045,0.14086686446673619,0.3590010945395887,0.2871972068562089,0.3199721369890004,4
2021-12-12 00:00:00-05:00,0.32449246430224343,0.6474242673444297,0.35918166411012775,0.4953271294589734,0.4489428586480462,0.28565978568963546,0.5227590499802106,0.3476490024955561,0.6355373663068735,0.5813815188499054,0.12753335939005955,1.0,0.7048595523348138,0.8209501950460297,0.5975398643295828,0.4296296423432624,0.1397058841168739,0.3724119396916443,0.26297577654849663,0.3623118817969849,4
2021-12-19 00:00:00-05:00,0.31434185964181127,0.6007766286863738,0.3484470522600698,0.3850467251402725,0.3533513137196458,0.28796404192706104,0.4087448839592225,0.29236499849177766,0.604120829254196,0.5545235518299478,0.12753335939005955,0.905558542799815,0.6510463984023,0.8260748621916929,0.5560234682196259,0.38960361118024156,0.1052631656646105,0.3158687950257626,0.22837369200287566,0.3121314850041962,4
2021-12-26 00:00:00-05:00,0.26129664545527187,0.7005153797620378,0.42376560235159744,0.3495326951202089,0.3540260501099879,0.23726908338697683,0.2633186160357506,0.2568668514734467,0.55296060103622,0.5578806475766662,0.13247653185760055,0.9049610108535431,0.6549297755764019,0.7309815401334038,0.5277444145461829,0.5096817046693042,0.11842104753259936,0.2951851994535988,0.20761242477594738,0.3215402501482658,4
2022-01-02 00:00:00-05:00,0.27668630713228165,0.7310341004813343,0.5146481416936819,0.40560749812629737,0.3538010807794336,0.23611689520841295,0.333510710741576,0.28945533159615017,0.5192378800129469,0.5285051161137164,0.20563518267105452,0.9772860582609844,0.7220575681647707,0.7793823591233525,0.5790212135747126,0.5597140576862015,0.14357584937216472,0.271684989556884,0.24221450932156835,0.3544712298121807,4
2022-01-09 00:00:00-05:00,0.27046497181399004,0.6932812228812257,0.5121430376475806,0.44112152814636096,0.18556005780218898,0.3213768985069001,0.2776671432954536,0.28829143153921355,0.44057868401024125,0.8348546013453089,0.2189817200484635,0.8326357141628526,0.6699086849637159,0.802025987044471,0.6039577780965053,0.6597791069880802,0.1342879327594667,0.26558203785408163,0.1833909944682352,0.3544712298121807,4
2022-01-16 00:00:00-05:00,0.20923378763808875,0.6074574527730097,0.49192764946911627,0.4560747851803999,0.11201070243112721,0.3824414305343562,0.30054761021901055,0.25861267380994696,0.42321784425534403,0.8222648917720097,0.18042513508303742,0.7328149737467347,0.668799249943441,0.7934936678687909,0.5937960642970621,0.6697857148986931,0.14086686446673619,0.26347305825978196,0.14878890992261423,0.33565344095860905,4
2022-01-23 00:00:00-05:00,0.16666667187117615,0.6745825242189112,0.5421994374283021,0.5532710450300955,0.20017997546444288,0.35018100237248406,0.24703061687424355,0.286545636951618,0.487308401279662,0.8407296046910802,0.15620364656199004,0.7322166939507184,0.7009764115628045,0.797298489553473,0.6520257222524739,0.6597791069880802,0.14551084122653513,0.2548688511883017,0.1868511987979084,0.2854730441658203,4
2022-01-30 00:00:00-05:00,0.1561886046786063,0.677429031919015,0.5414832452092702,0.5420561022545665,0.18376064636039624,0.39857182479484443,0.0,0.1899441521382536,0.608111415131483,0.7022427993847893,0.0785961499560664,0.7065931181370764,0.8701828641106402,0.9030309259198077,0.7950929492718153,0.6497727279228563,0.1466718215763974,0.19522953934716303,0.15916952291163372,0.1521815294817599,4
2022-02-06 00:00:00-05:00,0.15225933533646574,0.5826315051360782,0.5637097330836309,0.4728971547794727,0.11246064109223575,0.4999621022341185,0.06592681041498394,0.1893622021097853,0.4784834313334123,0.6493660534925394,0.0108749511436384,0.7591163507126137,0.8313486195654409,0.8731675281857652,0.5970049191696227,0.7898637511764087,0.16447368020418518,0.14094668822371004,0.10380621238797372,0.16786283345136854,4
2022-02-13 00:00:00-05:00,0.2144728290411379,0.7861416608283212,0.6820460222667042,0.5102803864930123,0.2577597687912454,0.5425921038833619,0.17024574972144202,0.2702513968902663,0.5745470488797144,0.6644736706648926,0.09639148598435854,0.9287595840060865,0.7592277783806032,0.8660187550209547,0.7105228527878658,0.6797922083866114,0.16911763851053419,0.22281376707611367,0.10380621238797372,0.2399971592277823,4
2022-02-20 00:00:00-05:00,0.17190569766069685,0.748783882471,0.8158490400286134,0.5140187007515222,0.2555105902896653,0.6428300730243701,0.27495255293976784,0.22486034912811623,0.5865550866393412,0.7912104692796398,0.13816114719616224,0.9583417778033709,0.7925143750202421,0.8918464750392946,0.939162943438832,0.7085396517545292,0.1811145400286608,0.22298258623121292,0.10380621238797372,0.2133388045778838,4
2022-02-27 00:00:00-05:00,0.1502947006653955,0.7953920233206693,0.7708886544998603,0.502803757975993,0.31129097217467416,0.6894927332985867,0.25827699455131925,0.22718809374418011,0.7209574439805739,0.8692664627404578,0.10726643712799694,0.9329856829151981,0.8823883041483134,0.9248230617621658,0.9573472024632776,0.7085396517545292,0.29411763620385295,0.18827029127006667,0.08650519073960788,0.22588396841743907,4
2022-03-06 00:00:00-05:00,0.19449901979829756,0.7817534058530058,0.763874762481453,0.3943925553507681,0.25641029601056076,0.7338508970959738,0.3478595426862061,0.1998370528820727,0.735858764885263,0.8147109973968178,0.07612456372229592,0.8798586863121813,1.0,0.9386592701886287,1.0,0.6772479053495472,0.3556501483500521,0.1539371431780716,0.04844290186431377,0.19235794350500446,4
2022-03-13 00:00:00-05:00,0.14865749729940603,0.5301692075206976,0.5525589824651274,0.43177569793586557,0.1846603520812926,0.7271114611132286,0.1838188538423362,0.16724861438272628,0.6538284833001318,0.8619148588633434,0.03213050318505056,0.7241005299512575,0.9245506173522444,0.9761324983714772,0.9144271363683747,0.6668175902008405,0.3061145561754295,0.16663292714843414,0.0034602043296732,0.2005783419215842,4
2022-03-20 00:00:00-04:00,0.07924034313414291,0.3928880318914514,0.5156911982229535,0.4598130994389098,0.19725588897120083,0.5610557032293821,0.17528721886340937,0.1480446935512947,0.5074180881992727,0.7782815499398443,0.06524963614945073,0.5665313307911428,0.7181741909906689,0.9611431322665611,0.6715469361332196,0.5938040110875592,0.5468265980424691,0.14027167683372177,0.0,0.17591714667184488,8
2022-03-27 00:00:00-04:00,0.08578912537104377,0.35839929679362004,0.5261226191814017,0.3943925553507681,0.14754830620059067,0.47628590843347185,0.06592681041498394,0.1282588504402995,0.43406834058004184,0.701406356485615,0.06475533304517256,0.5478163909220015,0.7592277783806032,0.8797396289716282,0.5108971103780378,0.6772479053495472,0.6350619165838001,0.14330843239744318,0.024221430307712177,0.12166227579468147,8
2022-04-03 00:00:00-04:00,0.07465618776154806,0.3529809486682969,0.5466243701587143,0.15327106285578407,0.15789466458891832,0.4193858063437377,0.06592681041498394,0.1317504673643953,0.40682219280514875,0.5316053595486261,0.04399408410803851,0.437940312117584,0.7037498809124463,0.7768797974321345,0.46697427713546036,0.656387046206745,0.5723683871808387,0.12284842605976287,0.06228371918300635,0.15125577904515064,8
2022-04-10 00:00:00-04:00,0.06908971505341807,0.3360134898343121,0.46497589019184593,0.05046728705410264,0.144849189037902,0.3799040219559593,0.22764046813010919,0.12884078659431547,0.39359911303073813,0.4851427151742924,0.05684627123958286,0.4584665440691653,0.6893260436384079,0.8577564850193251,0.3676962490796063,0.7398311693141219,0.760835907328177,0.09495513859714455,0.04152249320496737,0.14632355723289825,8
2022-04-17 00:00:00-04:00,0.062213485897907934,0.4172116546401292,0.6374450163460676,0.2598130637875329,0.2748538342856355,0.47721491420630513,0.2772794317260494,0.14047952354908713,0.4835473613679846,0.7394216996794234,0.029658940522073296,0.5719652070384624,0.7697682384805398,0.8988958154808575,0.44865617981012473,0.7606921428796191,0.7871517079710544,0.15409018112385664,0.044982697534640514,0.21208691694249138,8
2022-04-24 00:00:00-04:00,0.07858545710368858,0.3724001794363627,0.5719825946180905,0.2747663208215718,0.23661711335348334,0.5029942838637558,0.23656011936336685,0.15502794127393862,0.5328082450355267,0.7106993657789673,0.03657934897752024,0.5881401998902658,0.7902955049796923,0.899480345196355,0.49505277737936826,0.7398311693141219,0.9539473488749641,0.17155494045676778,0.06228371918300635,0.19729016531725685,8
2022-05-01 00:00:00-04:00,0.08840863826580414,0.30765539616089765,0.5002159129867811,0.25046732270547967,0.11673402876484307,0.4838339902479616,0.23190636179080415,0.15270019665787476,0.4328332189976898,0.6270660568554687,0.06524963614945073,0.4855947935697884,0.6821141250013891,0.8245642892399294,0.3307927858707558,0.6042345550816551,0.827012340873825,0.11547223578028487,0.09342559939895417,0.06576335970959313,8
2022-05-08 00:00:00-04:00,0.07039947150079826,0.265375415461514,0.36606406882746967,0.23177566228448865,0.0,0.24171795677828856,0.15706035716995248,0.1352420842884911,0.19408373795753597,0.4006645560281197,0.043499757432967134,0.29027089859880384,0.4448155957297275,0.6744984215647115,0.12869368717786234,0.5207905463969725,0.7209752006116064,0.0,0.16608993157098,0.054254698500208476,5
2022-05-15 00:00:00-04:00,0.1280288098328756,0.3379909245909902,0.4535701511847261,0.3140186651001451,0.11336034681313167,0.30906919363283913,0.2621550243001465,0.15677374973598654,0.43385043163654524,0.36349423463501584,0.09738013933450129,0.36046532208268145,0.5297714157246638,0.6961200344959876,0.31367821314443045,0.37476355980445164,0.7047213280859348,0.07091962742819247,0.1626297272413068,0.0739839305031279,5
2022-05-22 00:00:00-04:00,0.08971839471318432,0.3639363806619458,0.534206093366822,0.30280372232461605,0.0771480066533261,0.2637811832247068,0.2590527223750556,0.1282588504402995,0.5078142033049371,0.3905268680901237,0.1270390798565746,0.39403679570315475,0.5730930447903955,0.6781215891115322,0.32444179125427874,0.34787748762089477,0.6145510545971336,0.053793832557523125,0.14186850126326783,0.06905145012544311,5
2022-05-29 00:00:00-04:00,0.1257367438567245,0.40641421388002663,0.494792418345245,0.3271028095691504,0.08794413210144203,0.16623785935160074,0.266530909219431,0.17190410361485398,0.47046917392773135,0.40488829240739754,0.19822047111132945,0.3391014984166776,0.5269582308234759,0.662226758508934,0.3547265832448727,0.2725964511801272,0.6443498331964979,0.049469847513070375,0.1972318117869279,0.05261065329228354,5
2022-06-05 00:00:00-04:00,0.12540929693811523,0.33506408852597747,0.2630085435371283,0.3663551538477239,0.11268561042278957,0.15293304083385162,0.3266743426955905,0.16957635899879012,0.43719253875213937,0.3473696744752972,0.19970340399495723,0.21153054679532746,0.5134554161019613,0.6838483246703495,0.3404866776824833,0.2941052860424337,0.5677244657813894,0.05082650105326292,0.21453287468418308,0.0,5
2022-06-12 00:00:00-04:00,0.11820563647752427,0.3880367075184259,0.2673481949160905,0.43177569793586557,0.24111564195796475,0.17528491492341947,0.2524713756128356,0.20100092519010462,0.4321064755578612,0.41894825412490744,0.15472071367836238,0.2695173203247365,0.531459090263283,0.7384283308487942,0.4668404388345704,0.2725964511801272,0.5417956708907659,0.1335307133829362,0.21799307901385617,0.013152620228832124,5
2022-06-19 00:00:00-04:00,0.11787818955891499,0.5064462907044756,0.30856989163278703,0.4766354690379824,0.3717948519947196,0.25292776757894764,0.10484680594220941,0.20682031447916896,0.5370224442789149,0.4206523671248257,0.13692537765007018,0.3976987666212728,0.6113509410339897,0.8024751647839204,0.40312871510946646,0.2725964511801272,0.559984498363908,0.22348347385792922,0.1972318117869279,0.06905145012544311,5
2022-06-26 00:00:00-04:00,0.14865749729940603,0.49908540159184644,0.31327091917324434,0.48971961350698767,0.3807917376023622,0.2564570045341583,0.16535647070043136,0.337174123974364,0.5399287335075162,0.4615543391054471,0.2071181626962687,0.41356938462685155,0.540461045544991,0.8108899980702318,0.45387077299983636,0.28335092582262766,0.5855262875022773,0.23929544989940132,0.1903114031275815,0.0970009943564647,5
2022-07-03 00:00:00-04:00,0.1231172153484357,0.49623586491870686,0.5410768039858049,0.2747663208215718,0.45479086003321223,0.19528376417667737,0.20391236774008203,0.45763500497683546,0.5887417059121436,0.5058647086639356,0.15867523279576057,0.5332051518870369,0.6085382289369874,0.8579864056531374,0.4706511580175361,0.30485970347358704,0.397058804261839,0.30364445810675744,0.23529410066222206,0.13317085081558866,5
2022-07-10 00:00:00-04:00,0.11787818955891499,0.41130709576310287,0.5606028108048906,0.3271028095691504,0.45726500786534663,0.12940495462538326,0.1480454918970564,0.2789804530749581,0.5811534547865755,0.4888222060405074,0.1265447531815032,0.46178973905278875,0.6271043036764552,0.8364579582838131,0.44130221402417247,0.21882430681301335,0.5530185424509344,0.2517582289557738,0.21453287468418308,0.09206868635573484,5
2022-07-17 00:00:00-04:00,0.11067452909832404,0.34897579820254676,0.45573954904134073,0.3626168395892142,0.3301844491108561,0.13881609301300935,0.14135720072551572,0.28305402002752217,0.48309032302890254,0.45729371344959,0.10528917756929779,0.3655105657458395,0.5584649561084056,0.8395334507651451,0.3516513626514022,0.12203437829859176,0.5572755319119294,0.17419225902507796,0.2006920161166011,0.044390254875703694,5
2022-07-24 00:00:00-04:00,0.12115258067736545,0.2998233200028231,0.380889048106098,0.3102803508416354,0.27642827639687306,0.03999781862621732,0.13781630484823792,0.29236499849177766,0.4397497173173379,0.35248252820914394,0.09639148598435854,0.2766026980923102,0.4903880091185018,0.7803892206784199,0.2447518962296158,0.0790167657853259,0.48258511944429133,0.12594419538940693,0.21453287468418308,0.04603430008362874,5
2022-07-31 00:00:00-04:00,0.12409954049073507,0.38752226673802936,0.4240282917318159,0.38317752344679645,0.3893386845488971,0.057644003402270494,0.19722407656854046,0.3301908901261725,0.5386885920332718,0.4002014669235303,0.1023233118020423,0.37538916231106567,0.5202068234627193,0.8259302497832821,0.3780585163085841,0.08977112600513182,0.5189628482043751,0.18607338779530336,0.22145328334352948,0.1183741853788316,5
2022-08-07 00:00:00-04:00,0.08513424714735371,0.207652276318671,0.39093570470633265,0.25420563696398935,0.32523615344658685,0.07411373582001923,0.08391647489289578,0.28305402002752217,0.44383568114057415,0.3379961950855934,0.08106773618983693,0.24820135904241347,0.448848379026312,0.8040468191733892,0.26915351559144796,0.10052554343628517,0.46787923302073614,0.10563152454372582,0.1730103814792157,0.13317085081558866,5
2022-08-14 00:00:00-04:00,0.06843483682972801,0.15295889774459637,0.2663827187466663,0.14953265946883199,0.19793062536154293,0.0,0.08627717370605659,0.23358940531280806,0.33453643409013134,0.29965107891697196,0.03509639252309926,0.07347249819955204,0.35177316935538583,0.7459671178796259,0.13571326123338912,0.11690847042602426,0.41447369404427264,0.03971089354997437,0.1937716074572547,0.07727202091897778,5
2022-08-21 00:00:00-04:00,0.06843483682972801,0.12066544114417632,0.22492571395322702,0.14018691838677877,0.09941516554121943,0.08940689575976246,0.1527665848384514,0.22777001602374378,0.1776646983746617,0.2953903674720997,0.0,0.017904769312035995,0.1633330425587598,0.6991249044880892,0.042585878386277365,0.038109622662558906,0.5162538817523965,0.029873895539135997,0.1868511987979084,0.054254698500208476,5
2022-08-28 00:00:00-04:00,0.04977079184103204,0.13546663904243228,0.29183905954349676,0.13831771669330273,0.2147997215253783,0.15293304083385162,0.15512728365161244,0.2254422714076799,0.13811844640278537,0.32947528692994066,0.018289686274156725,0.055567230321019956,0.166759218085895,0.7192339333636038,0.060369030551652436,0.08313752749720382,0.5108358750346393,0.08046414260590318,0.1626297272413068,0.08313171693738908,5
2022-09-04 00:00:00-04:00,0.05402750029501761,0.12640389113992057,0.408572972029428,0.0,0.11223567176168148,0.0934617765295469,0.1291609677890142,0.19459964137038133,0.15256523891433882,0.40190575150147945,0.0,0.0,0.1570520753621505,0.556823675499659,0.0,0.060623546474207646,0.4582043106557841,0.08067712262404125,0.1764705858088889,0.09493531511670916,5
2022-09-11 00:00:00-04:00,0.04420431913290206,0.06842595478530777,0.6436782559935104,0.12523366135273983,0.17071517080937992,0.1161225984918488,0.1622089230637045,0.21205772599086034,0.2156056117371461,0.42167085431446694,0.05931785747335333,0.111134959208536,0.23528272862860078,0.6293345913841163,0.1295628200464476,0.060623546474207646,0.5174148251953588,0.14519262922042042,0.1730103814792157,0.16069876101477976,5
2022-09-18 00:00:00-04:00,0.0422396844618318,0.03925876183457622,0.7478661122713302,0.12523366135273983,0.3025190558975859,0.23300555469536488,0.2680413847442431,0.23417132759237172,0.40793752151280405,0.48096736379964344,0.079584779735416,0.20251272528661968,0.36490672400835855,0.6896617715503808,0.4281321987817037,0.026852660756734426,0.5452786488472527,0.23998531419227342,0.25259512231058784,0.20454102955066766,2
2022-09-25 00:00:00-04:00,0.026522591479741238,0.0,0.767867298794481,0.23551397654299833,0.11628426170505479,0.1984178073133438,0.2829918170769201,0.16841248669075817,0.3072478454110601,0.4749518380468105,0.07810184685178823,0.3093256115354328,0.3871769831357845,0.7004260420049032,0.42739670019220855,0.0493666417797306,0.5832043268025529,0.2707736578727975,0.27681659386718954,0.22140337422718026,2
2022-10-02 00:00:00-04:00,0.02161099699530134,0.14069525229679447,0.7436839033873524,0.3532710093787186,0.25461088456876846,0.317686100552923,0.33177690116538927,0.17423184823091784,0.41801746443206955,0.463780049318389,0.06426100637010118,0.42539986902658145,0.4619816972771913,0.7145877686598717,0.5474661818564632,0.0493666417797306,0.4419504750370125,0.31810853321152166,0.37370243884470616,0.2500694894599681,2
2022-10-09 00:00:00-04:00,0.022920761249445747,0.037989925029888405,0.7951416440533228,0.3551402110721946,0.24089067262741048,0.28906169576105967,0.21610875301904708,0.14222533201113505,0.42930742947422695,0.5213573469369546,0.05585764146023331,0.4155212724613553,0.4716895492072144,0.6892291503415191,0.5080224432141018,0.060623546474207646,0.48219815059893717,0.3055307767730038,0.4152248908007841,0.26861819788684815,2
2022-10-16 00:00:00-04:00,0.029469543486346624,0.04452529783134618,0.8742373879149192,0.40373829643282133,0.3000449080654506,0.2628226280052599,0.244042267111791,0.1317504673643953,0.5200636522291915,0.6390902452399105,0.042511127653617586,0.48782513079268863,0.5110906859703164,0.7078574922060769,0.5954674108837872,0.09439454661437552,0.45433436385394327,0.30724204336954775,0.47404844690300657,0.30740171992554355,2
2022-10-23 00:00:00-04:00,0.029469543486346624,0.11463275670773632,0.885692470312677,0.34766358255517527,0.36684655633044994,0.33199836300870533,0.308171131773489,0.15502794127393862,0.5323795006325636,0.6227623651139309,0.035244699953937975,0.510313720475204,0.4676922262245098,0.7019685120014715,0.6423987495911914,0.09439454661437552,0.44117646353250445,0.2702363010648934,0.4532872209249676,0.3158328491695611,2
2022-10-30 00:00:00-04:00,0.04682383983442664,0.09348168031673343,0.8317381822579417,0.2299065497194548,0.25843450518158795,0.27117154787088427,0.21217435655875438,0.11196462425340012,0.5675680300883195,0.5780753817782756,0.07464163083866815,0.45908925362351916,0.4180130356841869,0.6703604581642759,0.4986629431327998,0.09439454661437552,0.397058804261839,0.2362682426303906,0.522491307518431,0.297284313119636,2
2022-11-06 00:00:00-04:00,0.03569089441816669,0.04234686042401381,0.7796597987131926,0.16635511819634696,0.212100775964009,0.3224567746250493,0.16653651542208503,0.09858007883658057,0.5127327846515439,0.5136231240516027,0.0627780499156802,0.4147370273620772,0.3256984913527661,0.632743225581202,0.43695675370304654,0.08313752749720382,0.43111453541529826,0.22048186132335235,0.5121106945294114,0.28379426500147087,2
2022-11-13 00:00:00-05:00,0.04551407558028223,0.07811351924564025,0.901725364385253,0.16074769137280343,0.25438591523821463,0.40832986888093736,0.1622089230637045,0.09159683111393663,0.5218233525142644,0.5368257927076592,0.04102819476998987,0.46533654111017286,0.3274367559391895,0.6260129958972676,0.4188394138290463,0.15067935614349748,0.32120741144433873,0.24277076394380903,0.4498269340975158,0.3360678351583314,2
2022-11-20 00:00:00-05:00,0.0392927324552264,0.07898489420857313,0.865360996816352,0.20560746247492045,0.26810612717957305,0.4131007831924669,0.12955431602956557,0.09741620652854863,0.513025991973421,0.5737785531579622,0.006920432026240153,0.4628374765455625,0.31526748542167393,0.6252919449592114,0.4600214182085782,0.09769930287973316,0.34791021783947046,0.24294210278779027,0.4429065254381694,0.3360678351583314,2
2022-11-27 00:00:00-05:00,0.056319581884697135,0.06769645691937087,0.981944882576991,0.2616822654810089,0.2930724032301546,0.5514521330796565,0.1669300160050995,0.08403166111172908,0.598650972507079,0.5316697013101008,0.03954523831556889,0.5253061135968808,0.4247902108730308,0.5602730462451684,0.5177163350258298,0.14479270898590024,0.3688080486714909,0.31802286378953104,0.550173024653595,0.43555605659790475,2
2022-12-04 00:00:00-05:00,0.05861165566761244,0.13978425836655373,0.9828581631366649,0.2710280065630619,0.30161935017668995,0.7939219190707925,0.20233867009295037,0.09567039806650074,0.6075943662666003,0.5897174658885715,0.13049927229890146,0.5821521669818854,0.4723077406791978,0.6032984648677562,0.5684583929161997,0.1801127063541783,0.37577400458446436,0.3562690887153941,0.5813148636206533,0.4844569854425077,2
2022-12-11 00:00:00-05:00,0.08578912537104377,0.1748379575150183,0.8258911330782688,0.26728969230455224,0.3351327447751258,0.679494329689422,0.2043058683230965,0.10963687963733626,0.5001237289262943,0.5775730013046794,0.08007910641048738,0.6246307803488027,0.474625899598613,0.546932738648712,0.48890233619242673,0.2389795211982345,0.3676470683216287,0.3042046247298047,0.5640138419722875,0.4878294543778102,2
2022-12-18 00:00:00-05:00,0.098886705458374,0.211528998327704,0.8885683628433427,0.26355137804604256,0.3900134209392392,0.5229092895652374,0.19210948304413145,0.12127560271765558,0.5804702931354462,0.5428740898643367,0.10627783091944054,0.6764797017375792,0.48157966715058187,0.5420052532345689,0.6098409507252671,0.1801127063541783,0.38312692934279197,0.36615144112610976,0.5570934333129411,0.49794694737219525,2
2022-12-25 00:00:00-05:00,0.08185985602890325,0.22841443257187977,0.7789284897328668,0.3532710093787186,0.39248756877137403,0.5409769743745034,0.18227379657832743,0.12767691428628355,0.5744589725946989,0.54374158838705,0.11863571494670672,0.6877238719372127,0.4392774039078682,0.5617151948911411,0.6851182622565584,0.19188611509206743,0.4082817127289074,0.4953506103979468,0.6020760895986925,0.570455331140871,2
2023-01-01 00:00:00-05:00,0.04158480623814171,0.2215177032872535,0.8518389112281026,0.3102803508416354,0.5958164284582943,0.5096598462299649,0.25387795357759546,0.09625233422051671,0.4934066572209037,0.5688981876555783,0.16213542523808744,0.7308269398412217,0.4103032542402856,0.5420052532345689,0.7170744008338774,0.21543281814515092,0.3974458100140931,0.4962200356774682,0.49480967288104555,0.5367304694108906,2
2023-01-08 00:00:00-05:00,0.09070071985548367,0.39029292895331724,0.8335655990430233,0.3794392091882868,0.5897436293438947,0.46388895462105895,0.2668611876801259,0.09567039806650074,0.48103924083718574,0.6461034972406821,0.17993080840796594,0.7583131600864612,0.4242105529421307,0.5339053214184484,0.721018958317734,0.12948735772253073,0.4140866882920186,0.5245625571447201,0.5259515118481042,0.5788864603848886,2
2023-01-15 00:00:00-05:00,0.07465618776154806,0.37653872587460846,0.8258911330782688,0.24672900844697,0.5690507409659205,0.4831609595594202,0.22476409007827036,0.08228585264968116,0.3625161706119786,0.5914526345120286,0.13741965718355514,0.5915222257204973,0.3442421078934421,0.5085262179012329,0.6587780277498205,0.24722087298794848,0.43575849372164727,0.4925698021785625,0.49480967288104555,0.5738278000761735,2
2023-01-22 00:00:00-05:00,0.09593974564500438,0.4518890341786288,0.7940954500830277,0.28037383677355754,0.6547458661671013,0.5771119836339309,0.2294853353621289,0.0945065257584688,0.3351306067486286,0.575838004259253,0.12605042650643178,0.6764285986716692,0.34829829499718823,0.47015103296023336,0.7140660993908519,0.3084423352527741,0.4508513858974565,0.543328934708031,0.49134946855137246,0.6497085665916741,7
2023-01-29 00:00:00-05:00,0.09986903060067334,0.3935826359880161,0.6664366827322659,0.2299065497194548,0.5101214748584328,0.5048418449953747,0.19565053126387277,0.06599161952555563,0.24605422236227215,0.5636933680973304,0.03509639252309926,0.4970782756878287,0.2718061427192531,0.3850636080697974,0.5445245955420828,0.2519301678294873,0.4094427299856695,0.4515159807620426,0.6055362939283655,0.5569654553996607,7
2023-02-05 00:00:00-05:00,0.08677145051334315,0.45371235478724636,0.47080240339391244,0.1102804043187009,0.42780020321028367,0.9408705963666915,0.2621397900538043,0.06948324338687759,0.3661968922533827,0.3381495858449497,0.018783989378434895,0.34740911195086355,0.34109677805224026,0.35796802729033045,0.5158444350095692,0.153034003564267,0.3676470683216287,0.30744109879123216,0.5674740463019607,0.4001450034945119,7
2023-02-12 00:00:00-05:00,0.07203667486678772,0.47186620177988514,0.46859849368604234,0.16261680393783728,0.5256409266402642,0.810784803272157,0.248763360053186,0.06831937107884564,0.36663864273988445,0.36851134782778794,0.017795359599085347,0.3865630346346669,0.37407983440506243,0.324129214805733,0.6274902645897518,0.1624527648813866,0.2697368274153458,0.37593552567042443,0.6159169069173851,0.4439872720303998,7
2023-02-19 00:00:00-05:00,0.06516044571127755,0.5201046570763321,0.5879995162636384,0.1813083752303859,0.537111960080042,0.7650139116632506,0.33335044647005785,0.06366387490949174,0.43510266648671125,0.34769172643873336,0.012852210702337552,0.5122349464701617,0.4064740131453748,0.3427650632328878,0.7772428779559948,0.10765802489265719,0.31772447039475193,0.4413813942327105,0.6228373155767315,0.5114369093018828,7
2023-02-26 00:00:00-05:00,0.08775376004211405,0.5131681876654766,0.5854276702903158,0.15700937711429375,0.5366621930202542,0.9709834043821348,0.4069216493570085,0.08694134188180891,0.5144614528776477,0.336414760377554,0.03163620008077239,0.5217072113405932,0.5189687857041037,0.2955623945271137,0.6867896088432839,0.03667476207230935,0.31269350633614884,0.3398632617889774,0.5882352722799997,0.5827613219554201,7
2023-03-05 00:00:00-05:00,0.11591355488784474,0.5893112387924211,0.5321564887129133,0.33831775234467965,0.5946917534068441,0.9732531862651768,0.4576740840180873,0.1049813765307562,0.4823642641197865,0.3581638199583683,0.12209590738903353,0.5905425425545205,0.5690323660468914,0.2760682957763681,0.7275037912351006,0.0863631032579002,0.33939627582438064,0.36837738733061953,0.6574394413712414,0.6376263210646621,7
2023-03-12 00:00:00-05:00,0.11067452909832404,0.5970405721851226,0.7366075477703915,0.24485980675349395,0.6255060308425917,0.8894552799756013,0.4714440146017205,0.09567039806650074,0.5004737522973137,0.3423625128083001,0.05684627123958286,0.6063303985216502,0.5713881128990201,0.2611105460970942,0.6464100222036921,0.11948864497784495,0.33668730937240204,0.37563515223263977,0.6505190327118953,0.6305469719014359,7
2023-03-19 00:00:00-04:00,0.1316306478699353,0.579380568956237,0.7667335416974468,0.2130840909919398,0.7415654948184129,0.6635654962883613,0.47223101576774984,0.0799581080336173,0.4610153484335484,0.1940053381356881,0.05190312234283506,0.6625355446751726,0.5996594391454919,0.25228303894738935,0.5568926010882111,0.08281382569418816,0.30534054467092137,0.39315587518177386,0.6297578067338563,0.6216978285416418,7
2023-03-26 00:00:00-04:00,0.19155205998492794,0.6080133299045358,0.788041900239643,0.1943925196993912,0.7006298283248911,0.658707735432513,0.4848207492872658,0.07937617187960136,0.46366539499875037,0.050037644219913746,0.09194268733347533,0.6360118070517751,0.6031934140268236,0.09915016752050528,0.5475331010069087,0.049688341185590734,0.34210524227635924,0.4293142063308242,0.6055362939283655,0.5562138056875604,7
2023-04-02 00:00:00-04:00,0.18140143971096734,0.5745424509056478,0.7841845591125263,0.32897192213418425,0.6815113820581558,0.5919122924376599,0.2369604753572354,0.05959031489415382,0.49396386522092284,0.0,0.08255066907346464,0.5911742263058142,0.5566635721632749,0.09216170974474085,0.5340286940340144,0.0792647197645181,0.4148606628896269,0.39566190469780715,0.6643598500305881,0.5863009965370333,7
2023-04-09 00:00:00-04:00,0.16011787402074681,0.5403179634154578,0.8141265849068553,0.33457943808616997,0.6835357628305023,0.48018199095762903,0.19801107773457027,0.06599161952555563,0.37087816961963727,0.06935038155522455,0.057340597914654234,0.7042157037976557,0.533693562841941,0.09154869718424906,0.569327525784785,0.0863631032579002,0.472136222481731,0.43383970017824103,0.771626266748235,0.5650629490473545,7
2023-04-16 00:00:00-04:00,0.14767517215710668,0.5090283084790952,0.6041641828591899,0.3981308696092778,0.5537560869133231,0.5129723872433356,0.23774732418080124,0.08926908649787277,0.40061395559609014,0.059693969993061646,0.06772122238322126,0.6694820716734209,0.44475744081496327,0.09338775825065464,0.44263937290227284,0.018928889155875206,0.4922600418092434,0.4340123651742658,0.9480968525571238,0.5597534802691736,7
2023-04-23 00:00:00-04:00,0.1738703323317671,0.5099403928396287,0.6563335521936131,0.4205607551603363,0.5566801734065661,0.49961351485982797,0.3250886099938486,0.09392458960445285,0.43508349962675963,0.05618253980781929,0.08205636596918647,0.7686055668439318,0.4618379648049298,0.10834549623746338,0.44337487149176846,0.02366106853633343,0.5313467370213056,0.46787618805817277,0.8858131746230067,0.5615233606542188,7
2023-04-30 00:00:00-04:00,0.16535691542379596,0.5279845910083725,0.6834227884320838,0.3588785253307045,0.6223571466201148,0.6429196823218273,0.345153331166008,0.08054004418763328,0.44795450243801316,0.27564568244475374,0.13989124341732567,0.7884046395601048,0.4759736279281652,0.11962510039899586,0.4070730685715227,0.022478052296892592,0.5503095759989558,0.5343097746622338,0.9757785696922878,0.5739121785956262,7
2023-05-07 00:00:00-04:00,0.18140143971096734,0.5825532364728336,0.7046681129319041,0.3663551538477239,0.6929824154979332,0.5797678302381886,0.4647558757726429,0.09043295880590471,0.4822764160116755,0.22824158941651795,0.13692537765007018,0.8145908476652504,0.5028778408734969,0.13433762400763583,0.5036100637425309,0.0,0.560758509868416,0.5902606598256228,0.9480968525571238,0.6411659956462753,7
2023-05-14 00:00:00-04:00,0.1781270485925169,0.602223266208262,0.6486904606390906,0.2915887795490868,0.7049032159974984,0.47046634912623153,0.4934762386889531,0.07646647723506916,0.4346399237250247,0.23965375896581032,0.14384576253472392,0.7781857713608944,0.43586304848536006,0.1183990518930821,0.45453935243888655,0.027889101524396276,0.5650154993294108,0.5946606996897532,1.0,0.5986899006669179,7
2023-05-21 00:00:00-04:00,0.16699410317625696,0.6635734188230682,0.6475820882921539,0.38317752344679645,0.8322087440825432,0.34537693502328914,0.5764897798011568,0.08810521418984082,0.39011028816575344,0.13694500512332008,0.14236282965109626,0.8918713967664473,0.4962959338130877,0.12170937584357026,0.5348976228807998,0.08263092101687453,0.5824303152980448,0.6805930976305838,0.8823528877955549,0.6818722102405875,1
2023-05-28 00:00:00-04:00,0.1607727522444369,0.6204658015313882,0.6104481920068268,0.32523360787567435,0.8108411193142269,0.3890975034441322,0.5676449287174379,0.07704841338908514,0.36510848842042165,0.10709797723228198,0.16361840526330157,0.8165068387119931,0.45082162729271635,0.1359314823883377,0.5272763885366678,0.12904248228593662,0.6041021207276733,0.6552706222113092,0.8581314574878427,0.6659438039060447,1
2023-06-04 00:00:00-04:00,0.15225933533646574,0.6741223626353159,0.5051436919466452,0.256074749529023,0.8738191469664063,0.45189908647765664,0.5478204516100924,0.08926908649787277,0.44129721308151915,0.3160268293134889,0.23232821028428585,0.8260870432289562,0.41791232839276615,0.14402336978846642,0.5377055749160906,0.1349926912503826,0.6253869942188479,0.7071665322722083,0.934256035238431,0.72611818560499,1
2023-06-11 00:00:00-04:00,0.15749836112598645,0.6431497805963384,0.6320634493254786,0.33831775234467965,0.885739947465972,0.43102432435971094,0.6639916345706489,0.09508846191248477,0.4799095369845672,0.3391346153186239,0.1344537914162997,0.9212511725660799,0.4274859039342269,0.13715751920178637,0.5438562201248329,0.132612527568718,0.6079721044364141,0.7134214609991611,0.9377162395681042,0.722578511023377,1
2023-06-18 00:00:00-04:00,0.1280288098328756,0.5968486564535755,0.6401922737947805,0.4691588405209628,0.8061177929805106,0.39541423819664767,0.8415318461255807,0.09334265345043685,0.45209659777967914,0.40668025335898306,0.11023235003683879,0.925083154659565,0.3461108664349455,0.15052139880789328,0.3404197585320383,0.20758502321350414,0.6377708830357784,0.7217040762001656,0.9411764438977774,0.7473563192831464,1
2023-06-25 00:00:00-04:00,0.11362147329816522,0.6349787017760988,0.5550247258874821,0.4691588405209628,0.8022941723676915,0.37453923583929827,0.8559087090834805,0.08461359726574505,0.37857092576732176,0.37823982216280294,0.11912999448019168,0.8567438971098351,0.2832841735181906,0.1388739847715727,0.32196823094941296,0.12428232655664928,0.6505417776049633,0.7846002848441971,0.9100346049307189,0.6694834784876577,1
2023-07-02 00:00:00-04:00,0.0929928014451632,0.7130243114462771,0.5219555270587173,0.7682243377155116,0.8196130355913152,0.28244430139522625,0.9501568975030767,0.06599161952555563,0.36278085582083275,0.3693524233337886,0.10479485089422641,0.7852113211488665,0.2952513202465865,0.13396981413284775,0.3495789092056061,0.1385627937445113,0.6044891264799273,0.7947811540798371,0.73356401912183,0.717269042245196,1
2023-07-09 00:00:00-04:00,0.09201047630286385,0.6853691818350065,0.44085239138607024,0.7570093058115399,0.6956815326606218,0.2087684018878493,0.94496537103464,0.05959031489415382,0.3443446183165131,0.3160268293134889,0.07464163083866815,0.6051029278068238,0.2031055670092372,0.12183197134018954,0.4848910635799255,0.151653264908562,0.6373838772835245,0.7138960908154222,0.754325245099869,0.6836420906256327,1
2023-07-16 00:00:00-04:00,0.11558610796923546,0.7090169801199413,0.4255185762178546,0.742056048777501,0.727170546486712,0.2517460299537695,0.9010362029676922,0.056098697970058016,0.3660519999192253,0.33469074432608625,0.0845279286321638,0.598077128735603,0.24618677514685938,0.10859069892316708,0.5177830501544753,0.12190222008633189,0.6474458054007304,0.743893384802178,0.7162629974734642,0.6978007889520853,1
2023-07-23 00:00:00-04:00,0.11001965087463395,0.7644068407538629,0.4377118129218074,0.7457944521644531,0.7570849466002438,0.21736392750103328,0.8107815198841954,0.06250000260145983,0.32709763883680454,0.3560208103561755,0.10652494711538985,0.7305270520934681,0.24858034633379367,0.10013100164825027,0.597874052038208,0.151653264908562,0.6687306050781052,0.8272450908669431,0.771626266748235,0.7048801381153115,1
2023-07-30 00:00:00-04:00,0.09593974564500438,0.7067554276925072,0.4116952962913736,0.7345794202604814,0.7298694920480808,0.16947472495291005,0.8011970461405713,0.0630819387554758,0.3260566957999136,0.3275807223160563,0.09490855310073082,0.6672036227835916,0.1929338941736578,0.09020004148925087,0.5289477351233929,0.12428232655664928,0.6253869942188479,0.769830001232658,0.6955016889976466,0.6464755506129337,1
2023-08-06 00:00:00-04:00,0.09790438031607465,0.710802377986151,0.5029731532023858,0.7551401041180639,0.7174989244887264,0.31805450767799126,0.8830649719278545,0.053189017199978185,0.3434524466211508,0.3506883367431608,0.08601088508658472,0.8293892984197186,0.2514698891108704,0.07291282537216404,0.5611713462806924,0.1492731012268973,0.6292569779275885,0.695874215009163,0.6885812803383002,0.6801024160440196,1
2023-08-13 00:00:00-04:00,0.10150621835313434,0.6248213435979173,0.5594875931320846,0.7327102185670054,0.6057130197868332,0.18420980875862414,0.7492805627164978,0.0240921817502752,0.24457974320743037,0.3249143997205337,0.033613459639471543,0.7796351041667444,0.19362584309851272,0.06960250726790843,0.5801578190232779,0.15343551279960865,0.6509287833572173,0.6750037646141125,0.6920414846679734,0.72611818560499,1
2023-08-20 00:00:00-04:00,0.0939751109739341,0.635534215430861,0.475273827295851,0.7028037044989275,0.5355375179688036,0.1449158915842812,0.7640568676134853,0.022928302505017102,0.11939059881491776,0.3275807223160563,0.028175984067652315,0.7163114255736196,0.09255047361977242,0.08026908717648401,0.51798360358401,0.16897771904079462,0.6265480114756099,0.6846163776992413,0.7093425063163392,0.7473563192831464,1
2023-08-27 00:00:00-04:00,0.08316961247628343,0.6448583637063605,0.4685813803713703,0.7476634756010443,0.5602788246888317,0.19280533437180813,0.7420921312375481,0.01827281327288937,0.04534753567232119,0.3338019701275785,0.02669302761323139,0.6917575241786054,0.04079543630488436,0.05967155295514158,0.4701164168793759,0.22038651986234947,0.6308049271228051,0.694142260440745,0.7197232018031374,0.7686396157235019,1
2023-09-03 00:00:00-04:00,0.09004584163179358,0.6746165698758333,0.49200522982896366,0.6841122223348213,0.5247413925206881,0.327796095364953,0.7464850785127355,0.008961824402794666,0.03330447275790238,0.3338019701275785,0.03657934897752024,0.7182501013959612,0.07245747776461098,0.05157966555501285,0.4912420581964021,0.2514709895560686,0.6141640488448794,0.6993814893178121,0.7266436104624836,0.7704471604732058,1
2023-09-10 00:00:00-04:00,0.06286837192836225,0.5897067015119726,0.4432984544965519,0.6355140478457522,0.48020690314358205,0.3701024945378568,0.7380986259014486,0.003200652315700901,0.0,0.355912887774928,0.05017302612167163,0.5360330210562081,0.017048846109566362,0.03576369770642724,0.3829389217896706,0.23234214674138476,0.6037151887892191,0.6127392021882567,0.7093425063163392,0.7596020643519373,1
2023-09-17 00:00:00-04:00,0.07203667486678772,0.420125042064863,0.42638137249924535,0.6990654793688602,0.52429145385958,0.36636953456858823,0.6913739736307385,0.0,0.008772146992930718,0.35321413693162196,0.037073652081798414,0.45397121925184614,0.0,0.033556820919001015,0.2648080552703216,0.17256441282563995,0.6284829664230804,0.5838148978196533,0.6920414846679734,0.7306820378644944,1
2023-09-24 00:00:00-04:00,0.09626719256361366,0.47599093610108767,0.5700841575771194,0.7551401041180639,0.6835357628305023,0.4136532137005169,0.6602239007653383,0.019436685580921313,0.21172135629720912,0.41348486647454497,0.05042016588841408,0.6665572313206454,0.19667022924620126,0.045204237878437865,0.32330518580571344,0.11876446374373895,0.6331268878225296,0.7351470142316667,0.7681660624185618,0.8156347449540741,1
2023-10-01 00:00:00-04:00,0.0,0.503190992803463,0.598898986378372,0.9420559953004355,0.7278452828770545,0.268069456574866,0.7073479949751362,0.016527004810841475,0.11448411084423271,0.4683582659088865,0.032624829860121995,0.6413571877459336,0.11264394227911945,0.0,0.3456343517217504,0.11517782717024094,0.8343653025390525,0.8207466806248589,0.6020760895986925,0.8553996951858306,1
2023-10-08 00:00:00-04:00,0.011132937609495713,0.5075581661264492,0.6334767238954924,0.8934579990682512,0.78565004553441,0.3912556941243084,0.7644560048676465,0.022346366351001144,0.2536741900775219,0.5331267419459556,0.05981216057763156,0.8377896453222871,0.17353261084125826,0.008300317283079176,0.39704498905117,0.16778223072764253,0.8235293629173384,0.8780642980839686,0.6262976024041833,0.951197498396679,6
2023-10-15 00:00:00-04:00,0.003929273245522634,0.5492843293959713,0.7398125863865861,0.9271027382663961,0.8243365335263504,0.44724937294512723,0.8183693933022333,0.012453444795503546,0.2530759102347495,0.538524072054537,0.15373210746980598,0.8862515552158654,0.18449244825335498,0.006951668895871677,0.4578151264618926,0.29570646001928025,0.8792569364073262,0.88254019384497,0.6435986240525491,0.9710799735125571,6
2023-10-22 00:00:00-04:00,0.0013097564473801629,0.5434482253095534,0.8223532404916991,0.9084112561022901,0.932523615344659,0.4522266529041521,0.8722824770518931,0.012453444795503546,0.2707215147660691,0.6347774598627511,0.16856153058925616,0.8951552049968328,0.2228524702009249,0.005112603444791683,0.5209251898983909,0.3865686064173969,0.9179566258671346,0.9107426736564601,0.5778546592909803,1.0,6
2023-10-29 00:00:00-04:00,0.014407332631328262,0.5055333582314916,0.827469836356781,0.8953270225048426,0.9718848397269411,0.5094646517147265,0.843528751136094,0.009194599558123677,0.2424588388830331,0.8614672117815079,0.22787941163340275,0.9252152747811855,0.24111902348914827,0.0032735379937116876,0.5374381023361106,0.34831086357668184,0.9125386929631771,0.9040940103878812,0.5397924116645754,0.974695063011965,6
2023-11-05 00:00:00-04:00,0.01669941031762568,0.5688968086437198,0.85644296331875,0.8728971369537841,0.986504585787876,0.4758684924701162,0.7540729519307734,0.008787242169144643,0.24844026824933207,0.8641659626248142,0.2209589796071625,0.9023432874627222,0.1661046206916601,0.00400916358952043,0.6339083823784737,0.37939527605905365,0.8978327696327222,0.9691466748693589,0.5536332289832682,0.9403524022754103,6
2023-11-12 00:00:00-05:00,0.026195152367896192,0.5559143878945276,0.9123330524848243,0.9682242842384461,1.0,0.5555040108568992,0.7824272359074842,0.015945061719599342,0.2455990094384235,0.9487249350233995,0.21354426804743742,0.8873132525705465,0.17106244537634163,0.0008704916037760007,0.6842493334097735,0.390891324185239,1.0,0.9890926646750957,0.5640138419722875,0.9548124155191319,6
2023-11-19 00:00:00-05:00,0.01669941031762568,0.5447583167269887,1.0,1.0,0.9826809651750565,0.4522266529041521,0.8722824770518931,0.01710894096485744,0.25202926277525406,1.0,0.25012359345416446,0.9520079890295428,0.20886503118971023,0.0008950121646579996,0.7700896696213779,0.448482154350494,0.9941950613437887,0.9999999999999998,0.5916954766096729,0.9692724287628532,6
2023-11-26 00:00:00-05:00,0.0,0.0,0.0,0.0,0.0,0.0,0.0,0.0,0.0,0.0,0.0,0.0,0.0,0.0,0.0,0.0,0.0,0.0,0.0,0.0,3
2023-12-03 00:00:00-05:00,0.0,0.0,0.0,0.0,0.0,0.0,0.0,0.0,0.0,0.0,0.0,0.0,0.0,0.0,0.0,0.0,0.0,0.0,0.0,0.0,3
2023-12-10 00:00:00-05:00,0.0,0.0,0.0,0.0,0.0,0.0,0.0,0.0,0.0,0.0,0.0,0.0,0.0,0.0,0.0,0.0,0.0,0.0,0.0,0.0,3
2023-12-17 00:00:00-05:00,0.0,0.0,0.0,0.0,0.0,0.0,0.0,0.0,0.0,0.0,0.0,0.0,0.0,0.0,0.0,0.0,0.0,0.0,0.0,0.0,3
2023-12-24 00:00:00-05:00,0.0,0.0,0.0,0.0,0.0,0.0,0.0,0.0,0.0,0.0,0.0,0.0,0.0,0.0,0.0,0.0,0.0,0.0,0.0,0.0,3
2023-12-31 00:00:00-05:00,0.0,0.0,0.0,0.0,0.0,0.0,0.0,0.0,0.0,0.0,0.0,0.0,0.0,0.0,0.0,0.0,0.0,0.0,0.0,0.0,3
